시도,시군구,종별,기관명,주소,전화번호,야간여부
서울,강남구,상급종합병원,연세대학교의과대학 강남세브란스병원,서울특별시 강남구 언주로 211 강남세브란스병원 (도곡동),02-2019-3114,야간
서울,강남구,종합병원,차의과학대학교 강남차병원,"서울특별시 강남구 논현로 566 강남차병원(역삼동650-9, 606-4, 605외2필지(지하7층~지하1층, 지상2층~7층)) (역삼동)",02-3468-3000,야간
서울,강남구,상급종합병원,삼성서울병원,"서울특별시 강남구 일원로 81 (일원동, 삼성의료원)",02-3410-2114,야간
서울,강남구,병원,윤호병원,"서울특별시 강남구 압구정로 304 윤호병원 (지하1층,지하2층,1층~4층,7층)  (신사동)",02-512-0500,
서울,강남구,병원,호산여성병원,서울특별시 강남구 언주로 871 호산병원 (신사동),02-546-3493,야간
서울,강남구,의원,청담마리산부인과의원,서울특별시 강남구 삼성로 712 (청담동),02-2156-9200,야간
서울,강남구,의원,미래와희망산부인과의원,서울특별시 강남구 언주로 707 지하1층~11층 (논현동),02-3446-0011,야간
서울,강남구,의원,연앤네이쳐산부인과의원,서울특별시 강남구 학동로 521 2~4층 (청담동),02-518-1300,야간
서울,강남구,의원,도곡함춘산부인과의원,서울특별시 강남구 논현로 142 동현빌딩 2~6층 (도곡동),02-1661-9722,야간
서울,강동구,종합병원,성심의료재단강동성심병원,서울특별시 강동구 성안로 150 (길동),02-2224-2114,
서울,강동구,종합병원,강동경희대학교병원,서울특별시 강동구 동남로 892 (상일동),02-440-7114,야간
서울,강동구,병원,고은빛여성병원,서울특별시 강동구 천호대로 1151 (길동),1577-0082,야간
서울,강동구,병원,서울미즈병원,서울특별시 강동구 천호대로 1043 (천호동),02-470-9114,야간
서울,강동구,의원,강동드림산부인과의원,서울특별시 강동구 상일로12길 97 (상일제2동),02-441-4567,야간
서울,강서구,종합병원,미즈메디병원,서울특별시 강서구 강서로 295 (내발산동),02-2007-1000,야간
서울,강서구,종합병원,이화여자대학교의과대학부속서울병원,서울특별시 강서구 공항대로 260 이화의대부속서울병원 (마곡동),1522-7000,야간
서울,강서구,병원,유광사여성병원,서울특별시 강서구 강서로 194 (화곡동),02-2608-1011,야간
서울,강서구,의원,미래아이산부인과의원,"서울특별시 강서구 양천로 556 1-7층 (등촌동, 강서메디칼센터)",02-3665-2002,야간
서울,관악구,의원,가연관악산부인과의원,"서울특별시 관악구 남부순환로 1838 C.S타워 4~7,14층 (봉천동)",02-885-7900,야간
서울,구로구,상급종합병원,고려대학교의과대학부속구로병원,서울특별시 구로구 구로동로 148 고려대부속구로병원 (구로동),02-2626-1114,야간
서울,구로구,병원,삼성미래여성병원,서울특별시 구로구 서해안로 2296 삼성미래여성병원 (오류동),02-2682-2100,야간
서울,구로구,병원,아름제일병원,"서울특별시 구로구 새말로 94 2~6층, 9층 / 새말로 110 지하1층동 3~6층 (구로동)",02-855-9911,야간
서울,구로구,병원,연세사랑모아여성병원,서울특별시 구로구 중앙로 100 (고척동),02-2636-1122,야간
서울,구로구,의원,민전산부인과의원,"서울특별시 구로구 경인로 322 1,2,4,5층 (개봉동)",02-2685-3388,야간
서울,도봉구,병원,에이치큐브병원,서울특별시 도봉구 도봉로 604 (창동),02-900-2000,야간
서울,동대문구,종합병원,삼육서울병원,서울특별시 동대문구 망우로 82 (휘경동),02-2244-0191,야간
서울,동대문구,상급종합병원,경희대학교병원,서울특별시 동대문구 경희대로 23 (회기동),02-958-8114,야간
서울,동대문구,병원,린여성병원,서울특별시 동대문구 답십리로 266 파워스빌딩 (장안동),02-2244-1212,야간
서울,동작구,상급종합병원,중앙대학교병원,서울특별시 동작구 흑석로 102 (흑석동),1800-1114,야간
서울,동작구,종합병원,서울특별시보라매병원,서울특별시 동작구 보라매로5길 20 (신대방동),02-870-2114,야간
서울,동작구,병원,청화병원,서울특별시 동작구 장승배기로 108 (노량진동),02-815-3788,야간
서울,마포구,의원,진오비산부인과의원,"서울특별시 마포구 신촌로 12 동우빌딩 3,4층 (동교동)",02-3143-3595,야간
서울,마포구,의원,신촌연세퀸산부인과의원,"서울특별시 마포구 서강로 106 5,6,7층 (신수동)",02-718-0055,야간
서울,마포구,의원,포근담산부인과의원,서울특별시 마포구 월드컵로 88 서교월드빌딩 2층 (서교동),02-324-9966,야간
서울,서대문구,상급종합병원,연세대학교의과대학세브란스병원,서울특별시 서대문구 연세로 50-1 (신촌동),02-2228-0114,야간
서울,성동구,상급종합병원,한양대학교병원,서울특별시 성동구 왕십리로 222-1 (사근동),02-2290-8114,야간
서울,성북구,상급종합병원,학교법인 고려중앙학원 고려대학교의과대학부속병원(안암병원),서울특별시 성북구 고려대로 73 고려대병원 (안암동5가),1577-0083,야간
서울,성북구,의원,우리기쁜산부인과의원,서울특별시 성북구 종암로 147 지상1~8층 (종암동),02-2039-1000,야간
서울,영등포구,종합병원,가톨릭대학교 여의도성모병원,서울특별시 영등포구 63로 10 여의도성모병원 (여의도동),1661-7575,
서울,영등포구,종합병원,한림대학교 강남성심병원,"서울특별시 영등포구 신길로 1 (대림동, 강남성심병원)",02-829-5114,야간
서울,영등포구,종합병원,성애의료재단 성애병원,"서울특별시 영등포구 여의대방로53길 22 (신길동, 성애병원)",02-840-7114,야간
서울,영등포구,의원,아란태산부인과의원,"서울특별시 영등포구 선유로 64 2-5,7층 (문래동3가)",02-2630-6600,야간
서울,용산구,종합병원,순천향대학교 부속 서울병원,서울특별시 용산구 대사관로 59 (한남동),02-709-9114,야간
서울,은평구,종합병원,가톨릭대학교 은평성모병원,서울특별시 은평구 통일로 1021 (진관동),02-1811-7755,야간
서울,은평구,병원,인정병원,서울특별시 은평구 응암로 164 (응암동),02-309-0909,야간
서울,은평구,의원,은혜산부인과의원,"서울특별시 은평구 진흥로 133 D동 B2,B1,2~4층 (대조동)",02-353-4307,야간
서울,은평구,의원,아이제일산부인과의원,서울특별시 은평구 서오릉로 81 (역촌동),02-355-8113,야간
서울,종로구,상급종합병원,서울대학교병원,서울특별시 종로구 대학로 101 (연건동),1588-5700,야간
서울,종로구,상급종합병원,강북삼성병원,서울특별시 종로구 새문안로 29 (평동),02-2001-2001,야간
서울,중구,종합병원,국립중앙의료원,서울특별시 중구 을지로 245 국립중앙의료원 (을지로6가),02-2260-7114,야간
서울,송파구,상급종합병원,재단법인아산사회복지재단 서울아산병원,서울특별시 송파구 올림픽로43길 88 서울아산병원 (풍납동),02-3010-3114,야간
서울,송파구,의원,포유문산부인과의원,서울특별시 송파구 양재대로60길 3-13 가락동 문산부인과 (가락동),02-443-1600,야간
서울,송파구,의원,고은빛산부인과의원,"서울특별시 송파구 오금로 95 국제빌딩 지하1층, 2~8층 (방이동)",02-421-3030,야간
서울,중랑구,종합병원,서울특별시서울의료원,서울특별시 중랑구 신내로 156 (신내동),02-2276-7000,야간
서울,중랑구,의원,메디렌느산부인과의원,서울특별시 중랑구 망우로 233 메디렌느산부인과 (중화동),02-493-7987,야간
서울,중랑구,병원,장스여성병원,서울특별시 중랑구 용마산로117길 49 장스여성병원 비동 (7층 일부제외)동 (망우동),02-490-4000,야간
서울,양천구,상급종합병원,이화여자대학교의과대학부속목동병원,서울특별시 양천구 안양천로 1071 (목동),02-2650-5114,야간
서울,양천구,병원,포미즈여성병원,"서울특별시 양천구 공항대로 610 (목동, 정종일산부인과)",02-2651-7500,야간
서울,양천구,병원,목동제일여성병원,서울특별시 양천구 중앙로 300 (신정동),02-6927-3646,야간
서울,양천구,의원,밝은미래산부인과의원,"서울특별시 양천구 남부순환로 654 4,5,6,9층 (신정동, 에이치앤씨티타워)",02-2687-3555,야간
서울,서초구,상급종합병원,학교법인가톨릭학원가톨릭대학교서울성모병원,서울특별시 서초구 반포대로 222 (반포동),02-1588-1511,야간
서울,서초구,의원,호움산부인과의원,"서울특별시 서초구 서초중앙로 110 2층 (서초동, 서초동롯데캐슬메디치)",02-548-9400,야간
서울,서초구,의원,아이투비산부인과의원,"서울특별시 서초구 방배로 234 지1층,2~5층 (방배동, 우신빌딩)",02-532-6400,야간
서울,노원구,종합병원,인제대학교 상계백병원,서울특별시 노원구 동일로 1342 상계백병원 (상계동),02-950-1114,
서울,노원구,종합병원,노원을지대학교병원,서울특별시 노원구 한글비석로 68 을지병원 (하계동),02-970-8000,야간
서울,노원구,의원,퀸스메디산부인과의원,서울특별시 노원구 동일로 1059 (공릉동),02-948-7588,야간
서울,광진구,상급종합병원,건국대학교병원,서울특별시 광진구 능동로 120-1 (화양동),1588-1533,야간
서울,광진구,의원,SC제일산부인과의원,서울특별시 광진구 광나루로 506 (구의동),02-447-3111,야간
서울,광진구,의원,루트여성의원,"서울특별시 광진구 능동로 261 지하1층, 2~6층 (군자동)",02-6958-5755,야간
서울,강북구,병원,햇빛병원,서울특별시 강북구 도봉로 74 (미아동),02-983-7771,야간
서울,금천구,의원,엠제이산부인과의원,"서울특별시 금천구 두산로 81 지하1층,2~8층 (독산동)",02-2109-3000,야간
서울,동대문구,조산원,일신조산원,서울특별시 동대문구 답십리로58길,02-2244-2841,
서울,용산구,조산원,마마스조산원,서울특별시 용산구 대사관로,02-797-3573,
서울,중구,조산원,둥지조산원,서울특별시 중구 서소문로,02-303-5315,
부산,부산남구,종합병원,부산성모병원(재단법인 천주교부산교구유지재단),부산광역시 남구 용호로232번길 25-14 (용호동),051-933-7114,
부산,부산동구,종합병원,재단법인일신기독교선교회 일신기독병원,부산광역시 동구 정공단로 27 (좌천동),051-630-0300,야간
부산,부산동구,종합병원,좋은문화병원,부산광역시 동구 범일로 119 (범일동),051-644-2002,야간
부산,부산동래구,병원,좋은날에 드라마여성병원,"부산광역시 동래구 충렬대로 449 (안락동, 좋은날에드라마여성병원)",051-522-7575,야간
부산,부산진구,상급종합병원,인제대학교부산백병원,"부산광역시 부산진구 복지로 75, 진사로83번길 75 진사로83번길 81, 1층(일부), 3층 (개금동)",051-890-6114,야간
부산,부산진구,병원,미래여성병원,부산광역시 부산진구 가야대로 459 지하2~지상10층 (개금동),051-890-9999,야간
부산,부산진구,의원,아이사랑산부인과의원,"부산광역시 부산진구 가야대로 470 아이사랑산부인과 1층일부,2~8층 (개금동)",051-890-7000,야간
부산,부산북구,병원,미래로병원,부산광역시 북구 금곡대로 15 (덕천동),051-330-5000,야간
부산,부산북구,의원,더미즈웰산부인과의원,부산광역시 북구 금곡대로 284 (화명동),051-365-3575,야간
부산,부산서구,상급종합병원,부산대학교병원,부산광역시 서구 구덕로 179 (아미동1가),051-240-7000,야간
부산,부산서구,상급종합병원,고신대학교복음병원,부산광역시 서구 감천로 262 (암남동),051-990-6114,
부산,부산서구,상급종합병원,동아대학교병원,부산광역시 서구 대신공원로 26 (동대신동3가),051-240-2400,야간
부산,부산서구,의원,구세산부인과의원,부산광역시 서구 구덕로 114 (충무동1가),051-253-5555,야간
부산,부산영도구,의원,신근식산부인과의원,부산광역시 영도구 태종로 319-1 (청학동),051-412-0339,
부산,부산해운대구,종합병원,인제대학교 해운대백병원,부산광역시 해운대구 해운대로 875 (좌동),051-797-0100,야간
부산,부산해운대구,병원,제일여성병원,부산광역시 해운대구 좌동로 66 (중동),051-743-7431,야간
부산,부산해운대구,병원,퀸즈파크여성병원,부산광역시 해운대구 해운대로 794 10~11층 (좌동),051-715-4100,야간
부산,부산사하구,병원,에디스여성병원,부산광역시 사하구 낙동대로 361 (당리동),051-206-0999,야간
부산,부산금정구,병원,순병원,부산광역시 금정구 중앙대로 1701 (부곡동),051-515-0005,야간
부산,부산강서구,병원,웰하이여성아동병원,"부산광역시 강서구 명지오션시티4로 95 2~8, 10층 일부호 (명지동)",051-201-8854,야간
부산,부산연제구,병원,연제일신병원,부산광역시 연제구 고분로 6 (연산동),051-862-2002,야간
부산,부산연제구,병원,위대한탄생여성병원,"부산광역시 연제구 중앙대로 1083 (연산동, 3~7층, 12층)",051-862-0010,야간
부산,부산수영구,병원,광안자모병원,부산광역시 수영구 수영로 555 (광안동),051-760-0600,야간
부산,부산기장군,의원,아이앤젤여성의원,"부산광역시 기장군 정관읍 정관로 601 3,4층 (대신빌딩)",051-722-3579,야간
인천,인천미추홀구,병원,고은여성병원,인천광역시 미추홀구 독배로 463 (숭의동),032-870-5000,야간
인천,인천미추홀구,병원,의료법인 아인의료재단 아인병원,"인천광역시 미추홀구 경인로 372 201동 지하1,지상3~12층 ,13층일부호 (주안동, 포레나 미추홀)",032-247-2000,야간
인천,인천미추홀구,병원,W(더블유)여성병원,"인천광역시 미추홀구 인주대로 400 제일여성병원 2층 일부, 3-5층, 8층 (주안동)",032-451-0000,야간
인천,인천미추홀구,의원,아이소망산부인과의원,"인천광역시 미추홀구 미추로 56 지하1, 1, 2층 (숭의동, 아이소망여성병원)",032-883-3643,야간
인천,인천부평구,상급종합병원,가톨릭대학교인천성모병원,인천광역시 부평구 동수로 56 (부평동),032-1544-9004,야간
인천,인천부평구,병원,새봄여성병원,인천광역시 부평구 마장로 316 (산곡동),032-521-7200,야간
인천,인천부평구,의원,성모산부인과의원,인천광역시 부평구 부평대로 47 (부평동),032-502-1001,야간
인천,인천중구,상급종합병원,인하대학교의과대학부속병원,인천광역시 중구 인항로 27-0 인하대학병원,032-890-2114,야간
인천,인천중구,의원,하늘도시산부인과의원,"인천광역시 중구 하늘달빛로 94 스타타워 5층 509,510,511호 (중산동)",032-746-1236,야간
인천,인천서구,종합병원,의료법인루가의료재단 나은병원,인천광역시 서구 원적로 23 23,032-584-0114,
인천,인천서구,종합병원,가톨릭관동대학교 국제성모병원,인천광역시 서구 심곡로100번길 25-0 인천국제성모병원,032-1600-8291,
인천,인천서구,병원,청라여성병원,"인천광역시 서구 중봉대로 602 2~5층,6층일부,9층 (청라동)",032-716-6000,야간
인천,인천서구,의원,마리아산부인과의원,인천광역시 서구 가정로 358 (가정동),032-575-8870,
인천,인천서구,의원,그린산부인과의원,인천광역시 서구 건지로 371 (가좌동),032-574-3535,야간
인천,인천서구,의원,금산부인과의원,인천광역시 서구 승학로 528 (검암동),032-569-0880,야간
인천,인천서구,의원,더나아산부인과의원,"인천광역시 서구 검단로 480 검단리치웰프라자 504호일부, 505~509호 (왕길동)",032-567-5732,
인천,인천남동구,상급종합병원,의료법인 길의료재단 길병원,인천광역시 남동구 남동대로774번길 21-0 의료법인길의료재단길병원,1577-2299,야간
인천,인천남동구,의원,리앤아이산부인과의원,"인천광역시 남동구 논고개로 71 301~303호,401~403호,503호일부호 (논현동, 가산타워 )",032-270-7777,야간
인천,인천남동구,의원,마이비산부인과의원,"인천광역시 남동구 논고개로123번길 17 701~705,712일부호 (논현동, 아이플렉스)",032-424-7007,야간
인천,인천연수구,의원,우리산부인과의원,인천광역시 연수구 앵고개로 254 (동춘동),032-818-5121,야간
인천,인천연수구,의원,미래제일산부인과의원,"인천광역시 연수구 먼우금로 189 501호 (청학동, 소망빌딩)",032-245-0101,야간
인천,인천연수구,의원,곽생로 여성의원,인천광역시 연수구 테크노파크로111번길 4 드 메티스 빌딩 1층 일부호 2~5층 (송도동),032-858-7117,야간
인천,인천부평구,조산원,엠제이조산원,인천광역시 부평구 주부토로,032-544-1732,
대구,대구남구,상급종합병원,대구가톨릭대학교병원,대구광역시 남구 두류공원로17길 33 (대명동),053-650-3000,야간
대구,대구남구,상급종합병원,영남대학교병원,대구광역시 남구 현충로 170 (대명동),053-623-8001,야간
대구,대구동구,종합병원,대구파티마병원,대구광역시 동구 아양로 99 (신암동),053-1688-7770,야간
대구,대구북구,상급종합병원,칠곡경북대학교병원,대구광역시 북구 호국로 807 칠곡경북대학교병원(임상실습동 1~11층 포함) (학정동),053-200-2000,야간
대구,대구북구,병원,신세계병원,대구광역시 북구 동북로 196 (산격동),053-954-7771,야간
대구,대구북구,병원,로즈마리병원,대구광역시 북구 팔거천동로 215 (동천동),053-210-7777,야간
대구,대구서구,종합병원,대구의료원,대구광역시 서구 평리로 157 (중리동),053-560-7575,
대구,대구서구,의원,디케어센터의원,"대구광역시 서구 와룡로 307 2층 208~221,224~225호 (중리동)",053-288-3000,
대구,대구서구,의원,아세아연합의원,"대구광역시 서구 서대구로 49 지하1층,2층~3층 (내당동)",053-562-0100,
대구,대구수성구,병원,여성메디파크병원,대구광역시 수성구 동대구로 271 (범어동),053-740-7700,
대구,대구수성구,병원,의료법인경동의료재단효성병원,대구광역시 수성구 수성로 194 효성병원(본관) (중동),053-766-7070,야간
대구,대구수성구,병원,W여성병원,대구광역시 수성구 화랑로 58 (만촌동),053-757-2000,야간
대구,대구수성구,병원,파티마여성병원,대구광역시 수성구 달구벌대로 3119 (시지동),053-794-9400,야간
대구,대구중구,상급종합병원,경북대학교병원,"대구광역시 중구 동덕로 130 (삼덕동2가, 경북대학교병원)",053-200-5114,야간
대구,대구달서구,상급종합병원,계명대학교동산병원,대구광역시 달서구 달구벌대로 1035 (신당동),1577-6622,야간
대구,대구달서구,병원,미래여성병원,대구광역시 달서구 와룡로 207 (죽전동),053-608-7000,야간
대구,대구달서구,병원,여성아이병원,대구광역시 달서구 월배로 141 (진천동),053-1877-6622,야간
대구,대구달성군,병원,행복한 병원,"대구광역시 달성군 유가읍 테크노순환로12길 4 1층,4~6층(1층 사우나홀,113~117호,119~120호,405~407호,5층,601~607호",053-210-8000,야간
대구,대구달성군,의원,로즈맘산부인과의원,대구광역시 달성군 다사읍 달구벌대로 874 ,053-593-3575,야간
대전,대전유성구,종합병원,의료법인영훈의료재단 유성선병원,"대전광역시 유성구 북유성대로 93-0  0동 0호 (지족동,유선성병원)",042-609-1000,
대전,대전유성구,병원,미즈제일여성병원,대전광역시 유성구 계룡로 126-0  1~6층 (봉명동),042-821-0000,야간
대전,대전서구,종합병원,학교법인 을지학원 대전을지대학교병원,대전광역시 서구 둔산서로 95 (둔산동),042-611-3000,야간
대전,대전서구,상급종합병원,학교법인 건양교육재단 건양대학교병원,대전광역시 서구 관저동로 158 (관저동),042-600-9999,야간
대전,대전서구,병원,미즈여성병원,대전광역시 서구 문정로2번길 95  (탄방동),042-483-3575,야간
대전,대전서구,병원,더블유여성병원,대전광역시 서구 문정로48번길 70 (탄방동),042-485-7777,야간
대전,대전서구,병원,서울여성병원,대전광역시 서구 문정로 7 (둔산동),042-488-8275,야간
대전,대전서구,의원,예담산부인과의원,"대전광역시 서구 도안대로 25 2, 3층 (관저동)",042-546-9300,야간
대전,대전서구,의원,모태산부인과의원,"대전광역시 서구 대덕대로 191 1~3층, 5층 (둔산동)",042-472-0080,야간
대전,대전동구,종합병원,대전한국병원,대전광역시 동구 동서대로 1672  (성남동),042-606-1000,
대전,대전동구,의원,가오플러스산부인과의원,"대전광역시 동구 은어송로 63 5층,6층,7층,8층 (가오동)",042-286-9500,야간
대전,대전동구,의원,라온산부인과의원,대전광역시 동구 동서대로 1677 (용전동),042-273-3575,야간
대전,대전중구,상급종합병원,충남대학교병원,대전광역시 중구 문화로 282-  (대사동),042-1599-7123,야간
대전,대전중구,종합병원,학교법인 가톨릭학원 가톨릭대학교 대전성모병원,대전광역시 중구 대흥로 64 (대흥동),042-220-9114,야간
대전,대전중구,종합병원,의료법인 영훈의료재단 대전선병원,대전광역시 중구 목중로 29 (목동),042-220-8114,
울산,울산남구,병원,(의)인석의료재단 보람병원,울산광역시 남구 돋질로336번길 10 (삼산동),052-278-0114,야간
울산,울산남구,병원,울산미즈병원,울산광역시 남구 남산로 2 (무거동),052-220-0100,야간
울산,울산남구,병원,위드여성병원,울산광역시 남구 남중로 123 (삼산동),052-915-8000,야간
울산,울산동구,상급종합병원,학교법인 울산공업학원 울산대학교병원,울산광역시 동구 대학병원로 25 울산대학교병원 (전하동),052-250-7000,야간
울산,울산동구,의원,로즈메디산부인과의원,울산광역시 동구 방어진순환도로 747 (전하동),052-234-3575,야간
울산,울산중구,병원,맘스여성병원,울산광역시 중구 남외2길 36 (남외동),052-290-6000,야간
경기,광명시,종합병원,중앙대학교광명병원,경기도 광명시 덕안로 110 (일직동),1811-7800,야간
경기,광명시,의원,미래여성산부인과의원,"경기도 광명시 범안로 1062 천일빌딩 1~4층, 6층 (하안동)",02-806-1001,야간
경기,광명시,의원,이즈맘산부인과의원,경기도 광명시 오리로 889 2층-6층 (철산동),02-2066-3588,야간
경기,광명시,의원,지엠제일산부인과의원,경기도 광명시 광명로 896 7~10층 (광명동),02-6941-0021,야간
경기,부천원미구,종합병원,가톨릭대학교부천성모병원,경기도 부천시 원미구 소사로 327 가톨릭대학교 부천성모병원 (소사동),032-1577-0675,야간
경기,부천원미구,상급종합병원,순천향대학교부속부천병원,경기도 부천시 원미구 조마루로 170 부흥로 173(1층일부) (중동),032-621-5114,야간
경기,부천원미구,병원,초앤유여성병원,경기도 부천시 원미구 중동로248번길 19 (중동),032-326-0095,야간
경기,부천원미구,병원,서울여성병원,"경기도 부천시 원미구 길주로 84 1~7층,8층 일부, 서울여성병원 / 길주로 74 3층 일부 (건강검진센터)  (상동)",032-230-3000,야간
경기,부천원미구,의원,삼성미래산부인과의원,"경기도 부천시 원미구 부흥로 270 1~6층, 부흥로 268, 1~3층, 5~6층 (중동)",032-662-6100,야간
경기,성남수정구,병원,더미즈병원,경기도 성남시 수정구 수정로 91 더미즈병원 (태평동),031-752-1119,야간
경기,성남수정구,의원,금빛여성의원,"경기도 성남시 수정구 수정로171번길 7-1 우일프라자 2층일부, 3~6층, 8층, 9층일부 (태평동)",031-757-8500,야간
경기,성남분당구,종합병원,차의과학대학교분당차병원,경기도 성남시 분당구 야탑로 59 (야탑동),031-780-5000,야간
경기,성남분당구,종합병원,대진의료재단 분당제생병원,경기도 성남시 분당구 서현로180번길 20 (서현동),031-779-0114,야간
경기,성남분당구,상급종합병원,분당서울대학교병원,"경기도 성남시 분당구 구미로173번길 82 (구미동, 분당서울대학교병원)",031-787-2114,야간
경기,성남분당구,병원,분당제일여성병원,"경기도 성남시 분당구 서현로180번길 27 1~6층 (서현동, 분당제일여성병원)",031-725-8500,야간
경기,수원권선구,병원,수여성병원,경기도 수원시 권선구 서부로 1592 (고색동),031-8012-7000,
경기,수원권선구,병원,에덴메디여성병원,경기도 수원시 권선구 동수원로 220 (권선동),031-236-2000,야간
경기,수원권선구,병원,세인트마리여성병원,"경기도 수원시 권선구 금곡로197번길 70 1~5, 9층 (금곡동)",031-289-3000,야간
경기,수원권선구,종합병원,의료법인 덕산의료재단 수원덕산병원,경기도 수원시 권선구 서부로 1674 (고색동),031-686-2000,야간
경기,수원장안구,의원,베스트산부인과의원,경기도 수원시 장안구 만석로5번길 12-10 (천천동),031-269-8833,야간
경기,수원장안구,의원,우먼플러스산부인과의원,경기도 수원시 장안구 경수대로 892 (조원동),031-248-8100,야간
경기,수원팔달구,상급종합병원,가톨릭대학교 성빈센트병원,경기도 수원시 팔달구 중부대로 93 (지동),031-1577-8588,야간
경기,수원팔달구,종합병원,의료법인 녹산의료재단동수원병원,경기도 수원시 팔달구 중부대로 165 (우만동),031-210-0114,
경기,수원팔달구,병원,쉬즈메디병원,경기도 수원시 팔달구 장다리로 288 (인계동),031-231-7300,야간
경기,수원팔달구,의원,수원제일산부인과의원,경기도 수원시 팔달구 덕영대로 691-12 1~6층 (화서동),031-253-3011,야간
경기,수원영통구,상급종합병원,아주대학교병원,경기도 수원시 영통구 월드컵로 164 (원천동),031-219-5114,야간
경기,수원영통구,병원,시온여성병원,경기도 수원시 영통구 반달로 107 (영통동),031-201-0700,야간
경기,수원영통구,병원,리베르여성병원,"경기도 수원시 영통구 삼성로 34 지하1,지상2~4층 (신동)",031-203-2300,야간
경기,안양만안구,종합병원,효산의료재단 안양샘병원,"경기도 안양시 만안구 삼덕로 9 (안양동, 안양샘병원)",031-467-9114,
경기,안양동안구,상급종합병원,한림대학교성심병원,경기도 안양시 동안구 관평로170번길 22 (평촌동),031-380-1500,
경기,안양동안구,병원,봄빛병원,경기도 안양시 동안구 평촌대로211번길 26 (호계동),031-380-7300,야간
경기,의정부시,종합병원,가톨릭대학교의정부성모병원,경기도 의정부시 천보로 271 의정부성모병원 (금오동),1661-7500,야간
경기,의정부시,종합병원,학교법인 을지학원 의정부을지대학교병원,경기도 의정부시 동일로 712 을지대학교 의정부캠퍼스 및 부속병원 (금오동),031-951-1000,야간
경기,의정부시,병원,신여성병원,경기도 의정부시 시민로 50 (의정부동),031-879-3800,야간
경기,의정부시,병원,우먼피아여성병원,경기도 의정부시 청사로5번길 16 (신곡동),031-853-7500,야간
경기,구리시,종합병원,한양대학교구리병원,경기도 구리시 경춘로 153 (교문동),1644-9118,야간
경기,구리시,의원,마리본산부인과의원,경기도 구리시 건원대로 39-1 마리본산부인과(3층제외) (인창동),031-551-2700,야간
경기,안산단원구,상급종합병원,고려대학교의과대학부속안산병원,경기도 안산시 단원구 적금로 123 (고잔동),031-1577-7516,야간
경기,안산단원구,병원,세창의료재단우성여성병원,경기도 안산시 단원구 고잔로 58-10 (고잔동),031-412-3000,야간
경기,안산단원구,병원,한빛여성병원,경기도 안산시 단원구 광덕동로 53 (고잔동),031-410-3316,야간
경기,안산단원구,의원,메이퀸이지은산부인과의원,"경기도 안산시 단원구 선부광장1로 10 동양빌딩 501,502,503호 (선부동)",031-401-7777,야간
경기,안산단원구,의원,열린산부인과의원,"경기도 안산시 단원구 선부광장1로 22 3층,4층 (선부동, 한우리크리닉센타)",031-405-3572,야간
경기,안산단원구,의원,조은맘산부인과의원,"경기도 안산시 단원구 초지로 90 5층 (초지동, 태영프라자)",031-439-8888,야간
경기,안산상록구,의원,미즈피아산부인과의원,경기도 안산시 상록구 샘골로 112 (본오동),031-407-0077,야간
경기,평택시,의원,지엔산부인과의원,경기도 평택시 비전5로 3 (비전동),,야간
경기,평택시,의원,안중산부인과의원,경기도 평택시 안중읍 안중로131번길 14-15 ,031-683-7366,
경기,평택시,의원,라움산부인과의원,"경기도 평택시 평택5로34번길 6-1 104호, 2~4층 (합정동)",1670-9792,야간
경기,평택시,의원,더네이처산부인과의원,"경기도 평택시 송탄로 260 4,5,6,7,11층 (서정동)",031-668-3579,야간
경기,평택시,의원,예일산부인과의원,경기도 평택시 중앙로 146-1 (합정동),031-656-3885,야간
경기,하남시,의원,연세아란산부인과의원,경기도 하남시 미사강변대로54번길 121 연세아란빌딩 2~5층 (풍산동),031-793-7000,야간
경기,하남시,의원,미사린산부인과의원,"경기도 하남시 미사강변대로34번길 66 플레이스이안 3, 4층 (풍산동)",031-794-1212,야간
경기,군포시,종합병원,효산의료재단 지샘병원,"경기도 군포시 군포로 591 (당동, (G샘병원)군포샘병원)",031-389-3000,
경기,군포시,병원,산본제일병원,경기도 군포시 산본로 374 (산본동),031-396-3301,야간
경기,남양주시,의원,메디피아산부인과의원,경기도 남양주시 경춘로 1511 (호평동),031-595-8400,
경기,남양주시,의원,별내마리산부인과의원,경기도 남양주시 별내3로 320 센트럴프라자 2~6층 (별내동),031-564-7373,야간
경기,남양주시,의원,조은산부인과의원,"경기도 남양주시 경춘로1256번길 6 다모아프라자 401,402,404,701,702,703호 (평내동)",031-511-3963,야간
경기,남양주시,의원,드림아이산부인과의원,경기도 남양주시 진접읍 해밀예당1로 79 1-5층,031-523-3333,야간
경기,남양주시,의원,삼성프라임산부인과의원,경기도 남양주시 다산중앙로146번길 12-12 2~8층 (다산동),031-568-1110,야간
경기,시흥시,의원,예진산부인과의원,"경기도 시흥시 정왕대로 78 (정왕동, B동 306호, 407호, 408호)",031-431-1134,야간
경기,오산시,의원,우먼필산부인과의원,경기도 오산시 대원로 34 (원동),031-378-5950,야간
경기,고양일산서구,종합병원,인제대학교일산백병원,경기도 고양시 일산서구 주화로 170 (대화동),031-910-7114,야간
경기,고양일산서구,의원,아이산산부인과의원,"경기도 고양시 일산서구 덕이로 10 (덕이동, 지하1층 일부,1층, 2층일부, 3층)",031-916-9400,야간
경기,고양일산동구,종합병원,국민건강보험공단일산병원,"경기도 고양시 일산동구 일산로 100 (백석동,백석1동 1241외1필지 4층)",1577-0013,야간
경기,고양일산동구,종합병원,동국대학교일산불교병원,"경기도 고양시 일산동구 동국로 27 (식사동, 동국대학교일산병원)",031-1577-7000,야간
경기,고양일산동구,종합병원,의료법인성광의료재단일산차병원,"경기도 고양시 일산동구 중앙로 1205 지하1층2층4층(일부), 1층2층6층(일부),지하2층,4~5층, 7~10층(장항동)",031-782-8300,야간
경기,고양일산동구,병원,그레이스병원,"경기도 고양시 일산동구 중앙로 1073 (지하2층,지하1층,1층중일부,2~9층)/중앙로1071(1층중 일부, 2~4층) (백석동)",031-901-4000,야간
경기,고양일산동구,병원,허유재병원,"경기도 고양시 일산동구 중앙로 1317 지하1층~5층,6층 일부, 8층 (장항동)",031-817-1100,야간
경기,용인기흥구,종합병원,연세대학교 의과대학 용인세브란스병원,경기도 용인시 기흥구 동백죽전대로 363 (중동),1899-1004,야간
경기,용인수지구,의원,수지미래산부인과의원,"경기도 용인시 수지구 포은대로313번길 4 수지미래빌딩 지하2층~지하1층, 1층~4층 (풍덕천동)",031-896-3333,야간
경기,용인처인구,의원,용인제일산부인과의원,경기도 용인시 처인구 중부대로 1347 (김량장동),031-8031-0200,야간
경기,이천시,의원,양정분산부인과의원,경기도 이천시 이섭대천로 1186 (중리동),031-635-5300,야간
경기,이천시,의원,마리나산부인과의원,경기도 이천시 경충대로 2564 (중리동),031-637-0552,야간
경기,파주시,종합병원,경기도의료원파주병원,경기도 파주시 중앙로 207 경기도립의료원파주병원 (금촌동),031-940-9100,
경기,파주시,병원,운정와이즈병원,"경기도 파주시 금바위로 50 2~7,10,11층 (와동동)",031-937-8888,야간
경기,김포시,종합병원,의료법인우리의료재단김포우리병원,경기도 김포시 감암로 11 김포우리병원 (걸포동),031-999-1000,
경기,김포시,병원,나리여성병원,경기도 김포시 돌문로 99 나리병원 (사우동),031-982-5700,야간
경기,김포시,병원,서울여성병원,"경기도 김포시 김포대로 829 (사우동, 서울여성병원)",031-985-7582,
경기,김포시,의원,모아제일산부인과의원,"경기도 김포시 김포한강11로 147 2-6층 (장기동, 은성프라자)",031-988-7004,야간
경기,김포시,의원,조은미래산부인과의원,경기도 김포시 김포한강8로 396 지오타워 4층 402호 (구래동),031-992-6622,야간
경기,화성만세구,의원,씨엘산부인과의원,경기도 화성시 만세구 향남읍 삼천병마로 230 ,031-353-5969,야간
경기,화성만세구,의원,해피본산부인과의원,경기도 화성시 만세구 향남읍 행정중앙2로 69-17 3~5층 (HB메디컬빌딩),031-8059-8866,야간
경기,화성효행구,의원,지엠산부인과의원,"경기도 화성시 효행구 봉담읍 삼천병마로 1344 1,2,3,5층",031-278-7373,야간
경기,화성동탄구,종합병원,한림대학교동탄성심병원,경기도 화성시 동탄구 큰재봉길 7 (석우동),031-8086-3000,야간
경기,화성동탄구,병원,의료법인상운의료재단 동탄제일병원,경기도 화성시 동탄구 삼성1로 144-6 (석우동),031-8015-9999,야간
경기,화성동탄구,의원,위대한탄생여성의원,"경기도 화성시 동탄구 동탄대로 537 라스플로레스A동332~335,337,343~346,B동322,C동 328호 (여울동)",031-365-4799,야간
경기,화성동탄구,의원,미즈파크산부인과의원,"경기도 화성시 동탄구 동탄지성로 139 양진빌딩, 2~8층 (능동)",031-8003-7575,야간
경기,광주시,의원,우리들여성산부인과의원,경기도 광주시 중앙로 101 8층 (경안동),031-768-7535,야간
경기,양주시,병원,나무정원여성병원,경기도 양주시 평화로1489번길 19-11 (덕계동),031-859-1231,야간
경기,포천시,종합병원,경기도의료원포천병원,경기도 포천시 포천로 1648 (신읍동),031-539-9114,야간
경기,부천원미구,조산원,열린가족조산원,경기도 부천시 원미구 부흥로,032-324-9900,
경기,안양동안구,조산원,맘스베베자연출산2조산원,경기도 안양시 동안구 시민대로,031-389-8873,
경기,안양동안구,조산원,맘스베베자연출산1조산원,경기도 안양시 동안구 시민대로,031-389-8873,
경기,의왕시,조산원,아기탄생조산원,경기도 의왕시 포일로,031-425-8597,
강원,양구군,병원,의료법인 성심의료재단 양구성심병원,강원특별자치도 양구군 양구읍 중심로 160 양구성심병원,033-480-8800,
강원,영월군,종합병원,강원특별자치도영월의료원,강원특별자치도 영월군 영월읍 중앙1로 59 ,033-370-9101,야간
강원,철원군,병원,철원병원,강원특별자치도 철원군 갈말읍 명성로 208-0  ,033-452-5011,야간
강원,강릉시,상급종합병원,강릉아산병원,강원특별자치도 강릉시 사천면 방동길 38-0 강릉아산병원,033-610-3114,야간
강원,강릉시,의원,행복누리산부인과의원,강원특별자치도 강릉시 경강로 2109 5층 (임당동),033-641-6680,야간
강원,강릉시,의원,세가온산부인과의원,강원특별자치도 강릉시 율곡로 2982-6 (교동),033-643-7114,야간
강원,강릉시,의원,아이앤맘산부인과의원,"강원특별자치도 강릉시 옥가로 21 4,5층 (옥천동)",033-648-8114,야간
강원,동해시,의원,아이맘산부인과의원,강원특별자치도 동해시 한섬로 113-7 (천곡동),033-532-8081,야간
강원,동해시,의원,글로리아산부인과의원,"강원특별자치도 동해시 천곡로 86-2 3층 (천곡동, 대륜빌딩)",033-532-0050,야간
강원,속초시,종합병원,강원특별자치도속초의료원,강원특별자치도 속초시 영랑호반길 3 (영랑동),033-630-6000,야간
강원,원주시,상급종합병원,연세대학교 원주세브란스기독병원,강원특별자치도 원주시 일산로 20-0  (일산동),033-741-0114,야간
강원,원주시,의원,미즈산부인과의원,강원특별자치도 원주시 이화6길 1 (단계동),033-733-6100,
강원,원주시,의원,미래산부인과의원,강원특별자치도 원주시 단구로 183 (명륜동),033-766-8008,야간
강원,원주시,의원,우리산부인과의원,"강원특별자치도 원주시 영랑길 14-2 청연재빌딩 6,7층 (행구동)",033-900-5959,야간
강원,원주시,의원,율산부인과의원,"강원특별자치도 원주시 능라동길 61 8층 (무실동, 정한타워)",033-765-0655,야간
강원,원주시,의원,연세순풍산부인과의원,강원특별자치도 원주시 장미공원길 43-6 (단계동),033-745-0199,야간
강원,춘천시,종합병원,한림대학교춘천성심병원,강원특별자치도 춘천시 삭주로 77 77,033-240-5000,
강원,춘천시,종합병원,강원대학교병원,강원특별자치도 춘천시 백령로 156 (효자동),033-258-2000,야간
강원,춘천시,의원,미래산부인과의원,강원특별자치도 춘천시 중앙로 118 (소양로4가),033-241-7677,야간
강원,춘천시,의원,호산부인과의원,강원특별자치도 춘천시 퇴계로 189 (석사동),033-264-1700,야간
강원,춘천시,의원,아름다운산부인과의원,강원특별자치도 춘천시 터미널길 21 1~4층 (온의동),033-244-7800,야간
강원,태백시,의원,한마음산부인과의원,강원특별자치도 태백시 서황지로 4 (황지동),033-553-6901,
강원,삼척시,종합병원,강원특별자치도삼척의료원,강원특별자치도 삼척시 오십천로 473-0 강원특별자치도삼척의료원,033-572-1141,야간
충북,영동군,병원,의료법인 조윤의료재단 영동병원,충청북도 영동군 영동읍 대학로 106-0 영동병원,043-740-9000,
충북,진천군,의원,미래산부인과의원,충청북도 진천군 진천읍 중앙북1길 11 ,043-533-1223,야간
충북,청주상당구,의원,프라우삼성산부인과의원,충청북도 청주시 상당구 용암북로160번길 18 2~6층 (용암동),043-255-2000,야간
충북,청주흥덕구,의원,청주미즈맘산부인과의원,"충청북도 청주시 흥덕구 가경로 16-2 2,3,4층 (가경동)",043-237-2201,야간
충북,청주청원구,종합병원,청주성모병원,충청북도 청주시 청원구 주성로 173-19 청주성모병원,043-219-8000,
충북,청주청원구,병원,다나여성병원,충청북도 청주시 청원구 충청대로 179-0 청주다나여성병원,043-218-3575,야간
충북,청주청원구,의원,미즈산부인과의원,충청북도 청주시 청원구 오창읍 중심상업로 17 (오창프라자2),043-241-3030,야간
충북,청주서원구,상급종합병원,충북대학교병원,충청북도 청주시 서원구 1순환로 776-0 충북대학교병원,043-269-6114,야간
충북,청주서원구,병원,모태안여성병원,충청북도 청주시 서원구 복대로17번길 57-0 모태안여성병원,043-272-0001,야간
충북,청주서원구,의원,엠에스여성의원,충청북도 청주시 서원구 사직대로 101 (사창동),043-262-8540,야간
충북,청주서원구,의원,하안유산부인과의원,"충청북도 청주시 서원구 신화로 50 2,3층 (성화동)",043-238-5900,야간
충북,충주시,종합병원,건국대학교 충주병원,충청북도 충주시 국원대로 82-0 건국대학교충주병원,043-840-8200,
충북,충주시,의원,충주별산부인과의원,충청북도 충주시 사천개1길 2 청보테라스타워 4~5층 504~509호 (호암동),043-855-3582,야간
충북,제천시,의원,연세미즈산부인과의원,"충청북도 제천시 독순로 79 (중앙로2가, 내토메디컬센터)",043-652-6700,야간
충북,청주청원구,조산원,엄조산원,충청북도 청주시 청원구 공항로13번길,043-253-2700,
충남,홍성군,종합병원,충청남도 홍성의료원,충청남도 홍성군 홍성읍 조양로 224 ,041-630-6114,야간
충남,천안서북구,병원,혜성산부인과병원,충청남도 천안시 서북구 미라2길 18-11 (쌍용동),041-572-4567,야간
충남,천안서북구,병원,앙즈로여성병원,충청남도 천안시 서북구 불당33길 1 외1(불당25로104) (불당동),041-576-5700,야간
충남,천안서북구,병원,이화병원,충청남도 천안시 서북구 충무로 165 외 1(충무로 161) (쌍용동),041-579-1400,
충남,천안서북구,의원,광제산부인과의원,충청남도 천안시 서북구 서부18길 23 (성정동),041-575-3200,야간
충남,천안서북구,의원,고운빛산부인과의원,충청남도 천안시 서북구 백석3로 130-14 (백석동),041-567-1188,
충남,천안서북구,의원,퀸스산부인과의원,충청남도 천안시 서북구 성정공원1길 9-13 (성정동),041-569-2000,야간
충남,천안동남구,상급종합병원,단국대학교의과대학부속병원,충청남도 천안시 동남구 망향로 201  (안서동),041-1588-0063,야간
충남,천안동남구,종합병원,순천향대학교부속 천안병원,"충청남도 천안시 동남구 순천향6길 31  5동 (봉명동,순천향대학교병원)",041-570-2114,야간
충남,천안동남구,의원,연세하임산부인과의원,"충청남도 천안시 동남구 수곡2길 17-17 지하1층,지상1,2,3,4,6층 (신방동)",041-412-5555,야간
충남,공주시,의원,미앤맘산부인과의원,충청남도 공주시 번영1로 124 (신관동),041-840-1000,야간
충남,보령시,의원,참산부인과의원,충청남도 보령시 대흥로 74 (대천동),041-936-9100,야간
충남,아산시,병원,삼성미즈병원,"충청남도 아산시 배방읍 희망로46번길 16 지하1~4층, 지상2~6층,10층",1600-8383,야간
충남,아산시,의원,다온미래산부인과의원,충청남도 아산시 배방읍 배방로 26 (다온팰리스),041-549-3582,야간
충남,아산시,의원,청아미즈산부인과의원,충청남도 아산시 번영로 204 (모종동),041-547-2020,야간
충남,서산시,의원,한마음산부인과의원,충청남도 서산시 율지4로 5 (동문동),041-667-8900,야간
충남,서산시,의원,엠산부인과의원,"충청남도 서산시 남부순환로 1025 (예천동, 대명빌딩)",041-668-3100,야간
충남,논산시,의원,모아산부인과의원,충청남도 논산시 중앙로 418 (취암동),041-734-3575,야간
충남,당진시,의원,미즈맘 의원,충청남도 당진시 당진중앙2로 415 동성빌딩 2~6.9층 (수청동),041-355-4800,야간
전북,고창군,종합병원,의료법인석천재단고창병원,전북특별자치도 고창군 고창읍 화신1길 9 ,063-560-5600,야간
전북,군산시,종합병원,전북특별자치도 군산의료원,"전북특별자치도 군산시 의료원로 27 (지곡동, 군산의료원)",063-472-5000,
전북,군산시,의원,미래와여성산부인과의원,전북특별자치도 군산시 문화로 164 (수송동),063-441-1100,야간
전북,군산시,의원,은혜산부인과의원,전북특별자치도 군산시 월명로 144 은혜산부인과 1동 1~3층 (수송동),063-460-7400,야간
전북,군산시,의원,양지산부인과의원,전북특별자치도 군산시 상나운안길 61 (나운동),063-467-0055,야간
전북,남원시,종합병원,전북특별자치도 남원의료원,전북특별자치도 남원시 충정로 365 (고죽동),063-620-1114,야간
전북,익산시,상급종합병원,원광대학교병원,전북특별자치도 익산시 무왕로 895 (신동),063-859-1114,야간
전북,익산시,의원,제일산부인과의원,전북특별자치도 익산시 동서로 231 (남중동),063-840-7500,야간
전북,익산시,의원,미래와여성산부인과의원,전북특별자치도 익산시 배산로 66 (모현동1가),063-837-5555,야간
전북,익산시,의원,모아산부인과의원,전북특별자치도 익산시 인북로 344 (신동),063-840-0700,야간
전북,익산시,의원,미즈베베산부인과의원,전북특별자치도 익산시 무왕로 1018 (영등동),063-840-5000,야간
전북,전주완산구,종합병원,재단법인예수병원유지재단예수병원,"전북특별자치도 전주시 완산구 서원로 365 (중화산동1가, 예수병원)",063-230-8114,야간
전북,전주완산구,병원,미르피아여성병원,전북특별자치도 전주시 완산구 쑥고개로 343 (효자동2가),063-211-1004,야간
전북,전주완산구,의원,가온의료소비자생활협동조합 세나여성의원,전북특별자치도 전주시 완산구 소대배기로 14 (평화동2가),063-229-8245,
전북,전주덕진구,상급종합병원,전북대학교병원,전북특별자치도 전주시 덕진구 건지로 20  (금암동),063-250-1129,야간
전북,전주덕진구,의원,정성산부인과의원,전북특별자치도 전주시 덕진구 백제대로 818 (우아동3가),063-244-4755,야간
전북,전주덕진구,의원,한나여성의원,"전북특별자치도 전주시 덕진구 기린대로 489 2,3,4,5,8층 (덕진동1가)",063-250-3500,야간
전북,전주덕진구,의원,한별여성의원,전북특별자치도 전주시 덕진구 견훤로 215 (인후동1가),063-244-3559,야간
전북,정읍시,의원,현대산부인과의원,전북특별자치도 정읍시 중앙로 20 (연지동),063-532-5300,야간
전북,김제시,병원,김제우석병원,전북특별자치도 김제시 서암4길 45 (서암동),063-540-5114,
광주전남,광주동구,상급종합병원,전남대학교병원,광주광역시 동구 제봉로 42  (학동),062-1899-0000,야간
광주전남,광주동구,상급종합병원,조선대학교병원,광주광역시 동구 필문대로 365  (학동),062-1811-7474,야간
광주전남,광주북구,병원,에덴병원,광주광역시 북구 면앙로170번길 10 (두암동),062-260-3000,야간
광주전남,광주북구,병원,빛고을여성병원,광주광역시 북구 하서로 395 빛고을 여성병원 2~7층 (양산동),062-602-9000,야간
광주전남,광주서구,병원,미즈피아병원,광주광역시 서구 시청로 17 (치평동),062-380-2000,야간
광주전남,광주광산구,병원,더블유여성병원,광주광역시 광산구 임방울대로 331 (수완동),062-616-9000,야간
광주전남,광주남구,종합병원,광주기독병원,광주광역시 남구 양림로 37  (양림동),062-650-5000,
광주전남,광주남구,병원,모아산부인과병원,"광주광역시 남구 백양로 13 (백운동, 모아산부인과)",062-670-7700,야간
광주전남,강진군,종합병원,전라남도 강진의료원,전라남도 강진군 강진읍 탐진로 5 ,061-433-2167,
광주전남,고흥군,종합병원,의료법인영성의료재단 고흥종합병원,전라남도 고흥군 고흥읍 고흥로 1935 ,061-835-6000,
광주전남,영광군,종합병원,영광종합병원,전라남도 영광군 영광읍 와룡로 3 ,061-350-8091,야간
광주전남,완도군,병원,완도대성병원,전라남도 완도군 완도읍 청해진동로 63 ,061-553-1234,
광주전남,해남군,종합병원,의료법인행촌의료재단 해남종합병원,전라남도 해남군 해남읍 해남로 45 ,061-536-4116,
광주전남,목포시,병원,목포한사랑병원,전라남도 목포시 백년대로 335  (상동),061-280-5500,야간
광주전남,목포시,병원,목포미즈아이병원,전라남도 목포시 백년대로 418  (옥암동),061-260-8000,야간
광주전남,순천시,병원,의료법인내일의료재단 현대여성아동병원,전라남도 순천시 장선배기1길 8  (조례동),061-720-1111,야간
광주전남,여수시,종합병원,의료법인한마음의료재단 여수제일병원,전라남도 여수시 쌍봉로 70 (학동),061-689-8123,
광주전남,여수시,병원,의료법인 미나의료재단 여수문화병원,전라남도 여수시 대치3길 26  (여서동),061-650-5000,야간
광주전남,여수시,병원,예울병원,전라남도 여수시 신월로 114 (웅천동),061-655-3535,야간
광주전남,광양시,의원,미래여성의원,전라남도 광양시 중마중앙로 142 1~4층 (중동),061-791-7070,야간
광주전남,강진군,조산원,자연주의 조산원,전라남도 강진군 군동면 금천로,0507-1358-7367,
경북,예천군,병원,의료법인서준의료재단예천권병원,경상북도 예천군 예천읍 시장로 136 ,054-654-6611,
경북,울진군,병원,울진군의료원,경상북도 울진군 울진읍 현내항길 71 ,054-785-7015,야간
경북,경주시,종합병원,동국대학교의과대학경주병원,경상북도 경주시 동대로 87  (석장동),054-748-9300,
경북,경주시,병원,맘존여성병원,경상북도 경주시 원화로 315 (성동동),054-743-6688,야간
경북,경주시,의원,디케어센터의원,"대구광역시 서구 와룡로 307 2층 208~221,224~225호 (중리동)",053-288-3000,
경북,경주시,의원,신라산부인과의원,"경상북도 경주시 원화로 393 (황성동, 신라산부인과소아과의원)",054-744-9393,
경북,구미시,종합병원,차의과학대학교부속구미차병원,경상북도 구미시 신시로10길 12  (형곡동),054-450-9700,야간
경북,구미시,종합병원,순천향대학교 부속 구미병원,경상북도 구미시 1공단로 179  (공단동),054-468-9114,야간
경북,구미시,의원,해피맘산부인과의원,경상북도 구미시 신시로 74 (형곡동),054-458-0119,
경북,구미시,의원,미리안산부인과의원,"경상북도 구미시 구미중앙로 149 4,5층 (원평동)",054-441-2277,야간
경북,구미시,의원,파티마산부인과의원,경상북도 구미시 인동27길 2 (인의동),054-475-7800,
경북,구미시,의원,새봄산부인과의원,경상북도 구미시 송원서로 94 (원평동),054-457-2300,야간
경북,김천시,종합병원,경상북도김천의료원,경상북도 김천시 모암길 24  (모암동),054-432-8901,야간
경북,김천시,종합병원,의료법인덕산의료재단김천제일병원,경상북도 김천시 신음1길 12  (신음동),054-420-9300,야간
경북,안동시,종합병원,안동성소병원,경상북도 안동시 서동문로 99  (금곡동),054-850-8114,야간
경북,안동시,종합병원,의료법인안동병원,경상북도 안동시 앙실로 11  (수상동),054-840-1004,야간
경북,영주시,병원,영주기독병원,경상북도 영주시 구성로 380  (영주동),054-635-6161,야간
경북,영천시,병원,의료법인 자혜의료재단 영천제이병원,경상북도 영천시 호국로 145-0 영천제이병원,054-331-9966,야간
경북,포항남구,종합병원,포항성모병원,경상북도 포항시 남구 대잠동길 17  (대잠동),054-272-0151,
경북,포항북구,병원,여성아이병원,경상북도 포항시 북구 우창동로22번길 7  (우현동),054-255-5000,야간
경북,포항북구,병원,의료법인삼정의료재단포항여성병원,경상북도 포항시 북구 포스코대로 269 (죽도동),054-274-7775,야간
경북,상주시,종합병원,상주적십자병원,경상북도 상주시 상서문로 53  (남성동),054-534-3501,야간
경북,영천시,조산원,온누리조산원,경상북도 영천시 강변로,054-333-9907,
경남,하동군,의원,하동군민여성의원,경상남도 하동군 하동읍 중앙로 115 ,055-882-7770,야간
경남,김해시,병원,우리여성병원,경상남도 김해시 내외중앙로 91 (내동),055-321-0114,야간
경남,김해시,병원,더프라임병원,"경상남도 김해시 경원로55번길 12 1층~5층,9층 (내동)",055-328-0059,야간
경남,김해시,의원,오즈산부인과의원,경상남도 김해시 계동로 203 (대청동),055-312-0114,야간
경남,김해시,의원,장유산부인과의원,"경상남도 김해시 번화1로80번길 5 메카메디칼빌딩 2,3,4층 (대청동)",055-314-9995,야간
경남,사천시,의원,청아여성의원,경상남도 사천시 중앙로 124 2~4층 (벌리동),055-835-3501,
경남,진주시,상급종합병원,경상국립대학교병원,경상남도 진주시 강남로 79 (칠암동),055-750-8000,야간
경남,진주시,병원,진주미래여성병원,경상남도 진주시 진주대로 957 (강남동),055-760-8000,야간
경남,진주시,의원,참조은산부인과의원,경상남도 진주시 진양호로 317 (신안동),055-741-5151,야간
경남,진주시,의원,보람산부인과의원,경상남도 진주시 진양호로 255 (평거동),055-747-2112,야간
경남,창원마산회원구,상급종합병원,학교법인성균관대학삼성창원병원,"경상남도 창원시 마산회원구 팔용로 158-158 (합성동, 삼성창원병원)",055-233-8899,야간
경남,창원마산합포구,병원,참여성병원,"경상남도 창원시 마산합포구 불종거리로 19 (동성동, 참여성병원)",055-249-0600,야간
경남,창원의창구,종합병원,창원파티마병원,경상남도 창원시 의창구 창이대로 45-45 (명서동),055-270-1000,야간
경남,창원의창구,종합병원,창원한마음병원,경상남도 창원시 의창구 용동로57번길 8 (사림동),055-225-0000,야간
경남,창원의창구,의원,로즈맘여성산부인과의원,"경상남도 창원시 의창구 평산로 96 (팔용동, (웰빙프라자309,310호))",055-253-7722,야간
경남,창원의창구,의원,미즈맘산부인과의원,"경상남도 창원시 의창구 원이대로285번길 6 4,5,6,7,10층 (봉곡동)",055-277-5588,야간
경남,창원의창구,의원,라움산부인과의원,"경상남도 창원시 의창구 중동중앙로 83 디세븐파크 5층일부, 6 층 7층일부(701호일부)호 (중동)",055-815-8100,야간
경남,창원성산구,종합병원,창원경상국립대학교병원,"경상남도 창원시 성산구 삼정자로 11 (성주동, 창원경상대학교병원)",055-214-2000,야간
경남,창원성산구,병원,모란여성병원,"경상남도 창원시 성산구 마디미서로 56 (상남동, 2,3,4,5,6,7,10층)",055-253-3555,야간
경남,창원성산구,의원,선린자모의원,"경상남도 창원시 성산구 가양로124번길 7 (대방동, 선린빌딩)",055-266-6655,야간
경남,통영시,의원,통영자모산부인과의원,"경상남도 통영시 무전대로 4 201호,301호 (무전동, 장미빌딩)",055-648-3535,야간
경남,밀양시,병원,제일병원,경상남도 밀양시 노상하4길 4 (내이동),055-352-7851,야간
경남,거제시,의원,미즈맘여성의원,경상남도 거제시 거제중앙로 1729 (상동동),055-688-9123,야간
경남,거제시,의원,엘르메디여성의원,경상남도 거제시 거제중앙로 1925 (고현동),055-638-0038,야간
경남,양산시,상급종합병원,양산부산대학교병원,경상남도 양산시 물금읍 금오로 20 ,055-360-1000,야간
경남,양산시,병원,한아름병원,"경상남도 양산시 물금읍 범구로 27 2~6층,10층",055-385-0365,야간
경남,양산시,의원,미즈모아여성의원,"경상남도 양산시 양산역6길 9 비와이씨마트 6, 7, 8층 (중부동)",055-365-0202,야간
경남,양산시,의원,에델여성의원,"경상남도 양산시 물금읍 야리로 127 4층(전부),5층(501~503),6층(607)호",055-912-0300,야간
경남,창원마산회원구,조산원,평화열린조산원,경상남도 창원시 마산회원구 합성동1길,055-256-9236,
제주,서귀포시,종합병원,제주특별자치도 서귀포의료원,제주특별자치도 서귀포시 장수로 47 (동홍동),064-730-3000,야간
제주,제주시,종합병원,제주한라병원,제주특별자치도 제주시 도령로 65  (연동),064-740-5000,
제주,제주시,종합병원,제주대학교병원,"제주특별자치도 제주시 아란13길 15-0  0동 0층 0호 (아라일동,제주대학교병원)",064-717-1114,야간
제주,제주시,의원,예나산부인과의원,제주특별자치도 제주시 서광로 83 (용담이동),064-741-7000,
제주,제주시,의원,다나산부인과의원,제주특별자치도 제주시 고마로 47 (일도이동),064-702-1186,야간
제주,제주시,의원,서해산부인과의원,제주특별자치도 제주시 동광로 131 (일도이동),064-758-8866,야간
제주,제주시,의원,맘편한산부인과의원,"제주특별자치도 제주시 광평동로 9 B1,3,4층 (노형동)",064-711-3080,야간
제주,제주시,의원,드림포레산부인과의원,"제주특별자치도 제주시 서사로 136 3,4,5층 (삼도일동)",064-759-7838,야간
제주,제주시,조산원,김순선조산원,제주특별자치도 제주시 오남로,064-723-5858,
세종,세종시,종합병원,세종충남대학교병원,세종특별자치시 보듬7로 20 세종충남대학교병원 (도담동),1800-3114,야간
세종,세종시,병원,트리니움여성병원,세종특별자치시 한누리대로 1934 메인타워 (반곡동),044-270-0114,야간
세종,세종시,의원,한사랑산부인과의원,"세종특별자치시 조치원읍 새내로 122 (세종시네마 1동 301호, 302호, 303호, 304호,305호)",044-867-8433,
세종,세종시,의원,세종제일산부인과의원,"세종특별자치시 한누리대로 2265 세종메디컬센터 5층, 6층층 (대평동)",044-866-3582,야간
세종,세종시,의원,세종프라우메디산부인과의원,"세종특별자치시 한누리대로 165 (나성동, 세종메디피아6,7층)",044-716-1000,야간
세종,세종시,의원,서산부인과의원,"세종특별자치시 보듬3로 150 아름 행복타워 3,4층 (아름동)",044-905-3575,야간
세종,세종시,의원,노블클라쎄산부인과의원,"세종특별자치시 한누리대로 2165 호려울마을7단지 근린생활시설 752동 A302~308-1, A315~A320호 (보람동)",044-866-3575,야간
